[
	{ "thumb": "json/images/1_m.jpg", "image": "json/images/1.jpg", "title": "Image 1", "folder": "Folder 1" },
	{ "thumb": "json/images/2_m.jpg", "image": "json/images/2.jpg", "title": "Image 2", "folder": "Folder 1" },
	{ "thumb": "json/images/3_m.jpg", "image": "json/images/3.jpg", "title": "Image 3", "folder": "Folder 1" },
	{ "thumb": "json/images/4_m.jpg", "image": "json/images/4.jpg", "title": "Image 4", "folder": "Folder 1" },
	{ "thumb": "json/images/5_m.jpg", "image": "json/images/5.jpg", "title": "Image 5", "folder": "Folder 1" },
	{ "thumb": "json/images/1_m.jpg", "image": "json/images/1.jpg", "title": "Image 6", "folder": "Folder 1" },
	{ "thumb": "json/images/2_m.jpg", "image": "json/images/2.jpg", "title": "Image 7", "folder": "Folder 1" },
	{ "thumb": "json/images/3_m.jpg", "image": "json/images/3.jpg", "title": "Image 8", "folder": "Folder 1" },
	{ "thumb": "json/images/4_m.jpg", "image": "json/images/4.jpg", "title": "Image 9", "folder": "Folder 1" },
	{ "thumb": "json/images/5_m.jpg", "image": "json/images/5.jpg", "title": "Image 10", "folder": "Folder 2" },
	{ "thumb": "json/images/1_m.jpg", "image": "json/images/1.jpg", "title": "Image 11", "folder": "Folder 2" },
	{ "thumb": "json/images/2_m.jpg", "image": "json/images/2.jpg", "title": "Image 12", "folder": "Folder 2" }	
]